"Дата посещения","День недели","Торговый представитель","Номер точки маршрута","Название точки","Адрес точки","Время прибытия","Продолжительность посещения","Частота посещения ( раз в неделю)","Дистанция до следующей"
"5/18/2020","Monday","Мерчендайзер-1","1","Карусель","г.Казань, Ямашева пр-кт, 93","09:00","03:57","2","1.268"
"5/18/2020","Monday","Мерчендайзер-1","2","Детский мир","г.Казань, Ибрагимова пр-кт, 56","12:58:16","02:50","5","0.629"
"5/18/2020","Monday","Мерчендайзер-1","3","Магнит","г.Казань, Ибрагимова пр-кт, 83а","15:48:53","00:24","2","9.501"
"5/18/2020","Monday","Мерчендайзер-1","4","Эдельвейс","г.Казань, Мавлютова ул, 17","16:22:23","01:18","3","0.0"
"5/18/2020","Monday","Мерчендайзер-2","1","Эдельвейс","г.Казань, Максимова ул., 4а","09:00","01:12","2","0.581"
"5/18/2020","Monday","Мерчендайзер-2","2","Эдельвейс","г.Казань, Гареева ул., 108","10:12:34","01:25","3","1.467"
"5/18/2020","Monday","Мерчендайзер-2","3","Карусель","г.Казань, Фучика ул., 90","11:39:02","01:35","2","0.529"
"5/18/2020","Monday","Мерчендайзер-2","4","Эдельвейс","г.Казань, Нижняя ул., 8","13:14:33","01:03","2","1.383"
"5/18/2020","Monday","Мерчендайзер-2","5","Эдельвейс","г.Казань, Оренбургский тракт, 138","14:18:55","00:35","3","0.628"
"5/18/2020","Monday","Мерчендайзер-2","6","Магнит","г.Казань, Родины  ул., 1","14:54:32","01:24","2","0.581"
"5/18/2020","Monday","Мерчендайзер-2","7","Пятёрочка","г.Казань, Баки Урманче ул., 8","16:19:06","00:59","2","2.736"
"5/18/2020","Monday","Мерчендайзер-2","8","Магнит","г.Казань, Фрунзе ул., 11","17:20:50","00:34","2","0.0"
"5/18/2020","Monday","Мерчендайзер-3","1","Эдельвейс","г.Казань, Фучика ул., 30","09:00","01:20","3","7.337"
"5/18/2020","Monday","Мерчендайзер-3","2","Бахетле","г.Казань, Залесная ул., 66","10:27:20","01:39","2","5.135"
"5/18/2020","Monday","Мерчендайзер-3","3","Магнит","г.Казань, Фучика ул., 87","12:11:28","00:26","2","4.081"
"5/18/2020","Monday","Мерчендайзер-3","4","Эдельвейс","г.Казань, Фучика ул., 105 а","12:41:32","02:04","2","0.29"
"5/18/2020","Monday","Мерчендайзер-3","5","Пятёрочка","г.Казань, Юлиуса Фучика ул., 105А","14:45:49","01:09","2","0.668"
"5/18/2020","Monday","Мерчендайзер-3","6","Эссен","г.Казань, Кул-Гали ул., 9А","15:55:29","00:35","4","0.0"
"5/18/2020","Monday","Мерчендайзер-4","1","Эдельвейс","г.Казань, Петербургская ул., 1","09:00","02:27","3","2.815"
"5/18/2020","Monday","Мерчендайзер-4","2","Эдельвейс","г.Казань, Победы пр-кт, 116","11:29:48","00:38","2","0.73"
"5/18/2020","Monday","Мерчендайзер-4","3","Пятёрочка","г.Казань, Мавлютова ул., 29","12:08:31","00:33","3","0.723"
"5/18/2020","Monday","Мерчендайзер-4","4","Эдельвейс","г.Казань, Фрунзе , 9","12:42:14","02:03","2","0.0"
"5/18/2020","Monday","Мерчендайзер-5","1","Эдельвейс","г.Казань, Ломжинская ул, 2 а","09:00","00:54","4","0.87"
"5/18/2020","Monday","Мерчендайзер-5","2","Пятёрочка","г.Казань, Рихарда Зорге ул., 47","09:54:52","01:28","2","1.572"
"5/18/2020","Monday","Мерчендайзер-5","3","Эдельвейс","г.Казань, Амирхана ул., 97","11:24:26","01:33","2","1.552"
"5/18/2020","Monday","Мерчендайзер-5","4","Эдельвейс","г.Казань, Парина ул., 16","12:58:59","00:46","3","2.308"
"5/18/2020","Monday","Мерчендайзер-5","5","Эдельвейс","г.Казань, Ибрагимова пр-кт, 59","13:47:17","01:03","2","1.176"
"5/18/2020","Monday","Мерчендайзер-5","6","Магнит","г.Казань, Ямашева пр-кт, 23","14:51:27","01:26","2","0.475"
"5/18/2020","Monday","Мерчендайзер-5","7","Бахетле","г.Казань, Зорге ул., 77","16:17:55","01:40","2","0.0"
"5/18/2020","Monday","Мерчендайзер-6","1","Бахетле","г.Казань, Ершова ул., 8","09:00","01:39","3","3.549"
"5/18/2020","Monday","Мерчендайзер-6","2","Пятёрочка","г.Казань, Маршала Чуйкова ул., 25","10:42:32","00:25","2","4.549"
"5/18/2020","Monday","Мерчендайзер-6","3","Бахетле","г.Казань, Ямашева пр-кт, 71а","11:12:04","01:03","3","1.322"
"5/18/2020","Monday","Мерчендайзер-6","4","Бахетле","г.Казань, Декабристов ул., 178А","12:16:23","01:20","3","0.458"
"5/18/2020","Monday","Мерчендайзер-6","5","Магнит","г.Казань, Баки Урманче ул., 8","13:36:50","01:26","2","1.3"
"5/18/2020","Monday","Мерчендайзер-6","6","Бахетле","г.Казань, Проспект Победы , 141","15:04:08","01:09","3","2.804"
"5/18/2020","Monday","Мерчендайзер-6","7","Эдельвейс","г.Казань, Павлова ул., 23","16:15:56","01:14","2","0.0"
"5/18/2020","Monday","Мерчендайзер-7","1","Детский мир","г.Казань, Петербургская ул., 9","09:00","03:05","5","1.284"
"5/18/2020","Monday","Мерчендайзер-7","2","Детский мир","г.Казань, Рихарда Зорге ул., 11б","12:06:17","02:18","3","3.292"
"5/18/2020","Monday","Мерчендайзер-7","3","Пятёрочка","г.Казань, Мусина ул., 29б","14:27:34","00:45","2","0.812"
"5/18/2020","Monday","Мерчендайзер-7","4","Пятёрочка","г.Казань, Ямашева пр-кт, 54 корп. 2","15:13:22","00:45","2","0.0"
"5/18/2020","Monday","Мерчендайзер-8","1","Бахетле","г.Казань, Сибирский тракт, 4","09:00","01:10","3","1.75"
"5/18/2020","Monday","Мерчендайзер-8","2","Пятёрочка","г.Казань, Ибрагимова пр-кт, 1","10:11:45","00:59","2","2.734"
"5/18/2020","Monday","Мерчендайзер-8","3","Бахетле","г.Казань, Ленинградская ул., 27","11:13:29","01:36","2","0.959"
"5/18/2020","Monday","Мерчендайзер-8","4","Пятёрочка","г.Казань, Сибирский тракт ул., 17","12:50:26","01:18","2","0.933"
"5/18/2020","Monday","Мерчендайзер-8","5","Пятёрочка","г.Казань, Мамадышский тракт ул., 48","14:09:21","01:47","2","0.973"
"5/18/2020","Monday","Мерчендайзер-8","6","Эдельвейс","г.Казань, Кошевого ул., 6","15:57:19","01:06","2","0.0"
"5/18/2020","Monday","Мерчендайзер-9","1","Верный","г.Казань, Бондаренко ул., 26","09:00","00:20","2","0.956"
"5/18/2020","Monday","Мерчендайзер-9","2","Магнит","г.Казань, Чуйкова ул., 25","09:20:57","01:26","2","2.989"
"5/18/2020","Monday","Мерчендайзер-9","3","Эдельвейс","г.Казань, Ямашева пр-кт, 54","10:49:56","00:52","3","1.588"
"5/18/2020","Monday","Мерчендайзер-9","4","Эдельвейс","г.Казань, Короленко ул., 73","11:43:31","00:52","2","1.825"
"5/18/2020","Monday","Мерчендайзер-9","5","Эдельвейс","г.Казань, Адоратского ул., 11 а","12:37:20","02:03","2","4.671"
"5/18/2020","Monday","Мерчендайзер-9","6","Эдельвейс","г.Казань, Мамадышский тракт, 36а","14:45","01:55","2","0.0"
"5/18/2020","Monday","Мерчендайзер-10","1","Магнит","г.Казань, Академика Парина ул., 22","09:00","01:02","2","0.589"
"5/18/2020","Monday","Мерчендайзер-10","2","Эдельвейс","г.Казань, Победы пр-кт, 220В","10:02:35","00:48","2","1.918"
"5/18/2020","Monday","Мерчендайзер-10","3","Магнит","г.Казань, Ломжинская ул., 4а","10:52:30","00:34","2","0.334"
"5/18/2020","Monday","Мерчендайзер-10","4","Эдельвейс","г.Казань, Эсперанто ул., 9/2","11:26:50","00:23","2","0.51"
"5/18/2020","Monday","Мерчендайзер-10","5","Эдельвейс","г.Казань, Эсперанто ул., 54","11:50:20","01:13","2","0.519"
"5/18/2020","Monday","Мерчендайзер-10","6","Пятёрочка","г.Казань, Победы пр-кт, 33","13:03:51","00:31","2","0.707"
"5/18/2020","Monday","Мерчендайзер-10","7","Магнит","г.Казань, Юлиуса Фучика ул., 49","13:35:33","00:43","2","0.897"
"5/18/2020","Monday","Мерчендайзер-10","8","Детский мир","г.Казань, Победы пр-кт, 141","14:19:26","02:24","3","0.0"
"5/18/2020","Monday","Мерчендайзер-11","1","Магнит","г.Казань, Достоевского ул., 53","09:00","00:24","2","1.786"
"5/18/2020","Monday","Мерчендайзер-11","2","Пятёрочка","г.Казань, Вишневского ул., 49","09:25:47","01:08","3","1.924"
"5/18/2020","Monday","Мерчендайзер-11","3","Пятёрочка","г.Казань, Вишневского ул., 10","10:35:42","00:59","2","2.664"
"5/18/2020","Monday","Мерчендайзер-11","4","Бахетле","г.Казань, Павлюхина ул., 57","11:37:21","01:10","4","2.084"
"5/18/2020","Monday","Мерчендайзер-11","5","Эдельвейс","г.Казань, Ибрагимова ул., 41","12:49:26","00:29","2","0.257"
"5/18/2020","Monday","Мерчендайзер-11","6","Бахетле","г.Казань, Мамадышский тракт, 46","13:18:41","01:05","2","0.57"
"5/18/2020","Monday","Мерчендайзер-11","7","Пятёрочка","г.Казань, Профессора Камая ул., 1","14:24:15","01:06","2","0.0"
"5/18/2020","Monday","Мерчендайзер-12","1","Пятёрочка","г.Казань, Амирхана пр-кт, 85 А","09:00","00:41","2","0.0"
"5/18/2020","Monday","Мерчендайзер-12","2","Магнит","г.Казань, Фатыха Амирхана пр-кт, 97а","09:41","00:37","2","0.896"
"5/18/2020","Monday","Мерчендайзер-12","3","Магнит","г.Казань, Горьковское ш., 6","10:18:53","01:32","2","1.52"
"5/18/2020","Monday","Мерчендайзер-12","4","Пятёрочка","г.Казань, Амирхана ул., 36","11:52:24","00:30","2","1.217"
"5/18/2020","Monday","Мерчендайзер-12","5","Эдельвейс","г.Казань, Адоратского ул., 33а","12:23:37","01:43","4","0.222"
"5/18/2020","Monday","Мерчендайзер-12","6","Пятёрочка","г.Казань, Амирхана ул., 30","14:06:50","00:35","2","1.161"
"5/18/2020","Monday","Мерчендайзер-12","7","Пятёрочка","г.Казань, Адоратского ул., 29","14:42:59","00:59","2","0.561"
"5/18/2020","Monday","Мерчендайзер-12","8","Эдельвейс","г.Казань, Амирхана ул., 41","15:42:32","01:11","2","0.0"
"5/18/2020","Monday","Мерчендайзер-13","1","Перекресток","г.Казань, Победы пр-кт, 50б","09:00","00:52","3","0.6"
"5/18/2020","Monday","Мерчендайзер-13","2","Магнит","г.Казань, Короленко ул., 41","09:52:36","00:23","2","4.128"
"5/18/2020","Monday","Мерчендайзер-13","3","Бахетле","г.Казань, Московская ул., 2","10:19:43","01:31","2","1.61"
"5/18/2020","Monday","Мерчендайзер-13","4","Пятёрочка","г.Казань, Залесная ул., 5","11:52:19","00:52","2","0.0"
"5/18/2020","Monday","Мерчендайзер-13","5","Пятёрочка","г.Казань, Горьковское ш., 4","12:44:19","01:33","2","0.823"
"5/18/2020","Monday","Мерчендайзер-13","6","Пятёрочка","г.Казань, Эсперанто ул., 41","14:18:08","00:47","1","1.957"
"5/18/2020","Monday","Мерчендайзер-13","7","Пятёрочка","г.Казань, Саид-Галеева ул., 6","15:07:05","01:26","2","0.0"
"5/18/2020","Monday","ВАКАНСИЯ (1)","1","Эдельвейс","г.Казань, Гвардейская ул., 40","09:00","00:34","2","0.289"
"5/18/2020","Monday","ВАКАНСИЯ (1)","2","Пятёрочка","г.Казань, Гвардейская ул., 44","09:34:17","01:57","1","3.731"
"5/18/2020","Monday","ВАКАНСИЯ (1)","3","Лента","г.Казань, Рихарда Зорге ул., 11б","11:35","04:19","4","0.0"
"5/19/2020","Tuesday","Мерчендайзер-1","1","Карусель","г.Казань, Ибрагимова пр-кт, 56","09:00","03:25","3","4.944"
"5/19/2020","Tuesday","Мерчендайзер-1","2","Пятёрочка","г.Казань, Декабристов ул., 8","12:29:56","00:05","1","9.066"
"5/19/2020","Tuesday","Мерчендайзер-1","3","Дочки-сыночки","г.Казань, Ибрагимова ул., 56","12:43:59","01:07","3","0.519"
"5/19/2020","Tuesday","Мерчендайзер-1","4","Эдельвейс","г.Казань, Лат.Стрелков ул., 10","13:51:30","00:52","2","0.947"
"5/19/2020","Tuesday","Мерчендайзер-1","5","Детский мир","г.Казань, Ибрагимова пр-кт, 56","14:44:26","02:50","5","0.0"
"5/19/2020","Tuesday","Мерчендайзер-2","1","Магнит","г.Казань, Краснококшайская ул., 164","09:00","00:42","2","0.298"
"5/19/2020","Tuesday","Мерчендайзер-2","2","Бахетле","г.Казань, Мавлютова ул., 45","09:42:17","00:55","3","0.0"
"5/19/2020","Tuesday","Мерчендайзер-2","3","Пятёрочка","г.Казань, Хусаина Ямашева пр-кт, 92 А","10:37:17","00:15","2","0.636"
"5/19/2020","Tuesday","Мерчендайзер-2","4","Дочки-сыночки","г.Казань, Фучика ул., 90","10:52:55","02:31","2","2.107"
"5/19/2020","Tuesday","Мерчендайзер-2","5","Metro C&C","г.Казань, Тихорецкая ул., 4","13:26:01","02:55","3","0.082"
"5/19/2020","Tuesday","Мерчендайзер-2","6","Бахетле","г.Казань, Оренбургский Тракт ул., 22а","16:21:05","00:51","2","3.194"
"5/19/2020","Tuesday","Мерчендайзер-2","7","Магнит","г.Казань, Галимжана Баруди ул., 8","17:15:16","00:49","2","0.0"
"5/19/2020","Tuesday","Мерчендайзер-3","1","Эдельвейс","г.Казань, Зорге ул., 97","09:00","00:51","2","1.05"
"5/19/2020","Tuesday","Мерчендайзер-3","2","Эссен","г.Казань, Кул-Гали ул., 9А","09:52:03","00:35","4","7.032"
"5/19/2020","Tuesday","Мерчендайзер-3","3","Магнит","г.Казань, Юлиуса Фучика ул., 88","10:34:04","00:10","2","2.048"
"5/19/2020","Tuesday","Мерчендайзер-3","4","Магнит","г.Казань, Зорге ул., 66","10:46:06","00:35","2","0.088"
"5/19/2020","Tuesday","Мерчендайзер-3","5","Эдельвейс","г.Казань, Фучика ул., 72","11:21:11","01:59","3","1.157"
"5/19/2020","Tuesday","Мерчендайзер-3","6","Эдельвейс","г.Казань, Сафиуллина ул., 40","13:21:20","01:42","2","0.0"
"5/19/2020","Tuesday","Мерчендайзер-4","1","Эдельвейс","г.Казань, 40 лет Октября ул., 4","09:00","01:03","2","1.988"
"5/19/2020","Tuesday","Мерчендайзер-4","2","Перекресток","г.Казань, Чистопольская ул., 69","10:04:59","00:59","2","2.035"
"5/19/2020","Tuesday","Мерчендайзер-4","3","Магнит","г.Казань, Чуйкова ул., 31","11:06:01","01:26","2","0.0"
"5/19/2020","Tuesday","Мерчендайзер-4","4","Верный","г.Казань, Ямашева пр-кт, 33б","12:32:01","00:45","2","1.18"
"5/19/2020","Tuesday","Мерчендайзер-4","5","Пятёрочка","г.Казань, Чуйкова ул., 17","13:18:11","00:45","2","0.278"
"5/19/2020","Tuesday","Мерчендайзер-4","6","Магнит","г.Казань, Чуйкова ул., 23","14:03:27","01:26","2","0.0"
"5/19/2020","Tuesday","Мерчендайзер-4","7","Магнит","г.Казань, Ямашева пр-кт, 39","15:29:27","02:35","2","0.0"
"5/19/2020","Tuesday","Мерчендайзер-5","1","Эдельвейс","г.Казань, Ломжинская ул, 2 а","09:00","00:54","4","0.839"
"5/19/2020","Tuesday","Мерчендайзер-5","2","Пятёрочка","г.Казань, Победы пр-кт, 19","09:54:50","02:44","2","1.362"
"5/19/2020","Tuesday","Мерчендайзер-5","3","Магнит","г.Казань, Татарстан ул., 18","12:40:11","00:49","2","1.387"
"5/19/2020","Tuesday","Мерчендайзер-5","4","Пятёрочка","г.Казань, Ямашева пр-кт, 92а","13:30:34","00:43","2","1.402"
"5/19/2020","Tuesday","Мерчендайзер-5","5","Эдельвейс","г.Казань, Мусина ул., 61б","14:14:58","00:26","2","1.942"
"5/19/2020","Tuesday","Мерчендайзер-5","6","Перекресток","г.Казань, Декабристов ул., 79","14:42:54","00:40","2","0.0"
"5/19/2020","Tuesday","Мерчендайзер-6","1","Бахетле","г.Казань, Ершова ул., 8","09:00","01:39","3","1.265"
"5/19/2020","Tuesday","Мерчендайзер-6","2","Пятёрочка","г.Казань, Ибрагимова пр-кт, 45","10:40:15","01:13","2","1.004"
"5/19/2020","Tuesday","Мерчендайзер-6","3","Магнит","г.Казань, Ибрагимова пр-кт, 43а","11:54:15","00:45","1","4.936"
"5/19/2020","Tuesday","Мерчендайзер-6","4","Эдельвейс","г.Казань, Лушникова ул., 2","12:44:11","01:07","2","0.717"
"5/19/2020","Tuesday","Мерчендайзер-6","5","Эдельвейс","г.Казань, Восстания ул., 56","13:51:54","01:05","3","1.752"
"5/19/2020","Tuesday","Мерчендайзер-6","6","Пятёрочка","г.Казань, Ибрагимова пр-кт, 32 А","14:58:39","00:54","2","0.0"
"5/19/2020","Tuesday","Мерчендайзер-7","1","Магнит","г.Казань, Авангардная ул., 90 корп.48","09:00","00:37","2","2.628"
"5/19/2020","Tuesday","Мерчендайзер-7","2","Детский мир","г.Казань, Петербургская ул., 9","09:39:37","03:05","5","0.322"
"5/19/2020","Tuesday","Мерчендайзер-7","3","Магнит","г.Казань, Нурсултана Назарбаева ул., 66","12:44:56","00:30","2","0.996"
"5/19/2020","Tuesday","Мерчендайзер-7","4","Пятёрочка","г.Казань, Карбышева ул., 15","13:15:55","01:20","2","0.586"
"5/19/2020","Tuesday","Мерчендайзер-7","5","Эдельвейс","г.Казань, Карбышева ул., 15","14:36:30","00:41","2","0.0"
"5/19/2020","Tuesday","Мерчендайзер-8","1","Эдельвейс","г.Казань, Главная ул., 69","09:00","03:15","2","0.178"
"5/19/2020","Tuesday","Мерчендайзер-8","2","Пятёрочка","г.Казань, Даурская ул., 38","12:15:10","00:59","2","0.947"
"5/19/2020","Tuesday","Мерчендайзер-8","3","Бахетле","г.Казань, Мира ул., 29а","13:15:06","02:03","2","0.0"
"5/19/2020","Tuesday","Мерчендайзер-9","1","Магнит","г.Казань, Ямашева пр-кт, 28а","09:00","00:42","1","2.108"
"5/19/2020","Tuesday","Мерчендайзер-9","2","Магнит","г.Казань, Чистопольская ул., 11","09:44:06","01:15","2","2.691"
"5/19/2020","Tuesday","Мерчендайзер-9","3","Бахетле","г.Казань, Чистопольская ул., 14","11:01:47","01:02","2","0.444"
"5/19/2020","Tuesday","Мерчендайзер-9","4","Эдельвейс","г.Казань, Чуйкова ул., 38","12:04:13","00:58","2","0.527"
"5/19/2020","Tuesday","Мерчендайзер-9","5","Дочки-сыночки","г.Казань, Чуйкова ул., 28","13:02:44","03:35","3","0.0"
"5/19/2020","Tuesday","Мерчендайзер-10","1","Эдельвейс","г.Казань, Карбышева ул., 35","09:00","00:31","2","0.083"
"5/19/2020","Tuesday","Мерчендайзер-10","2","Перекресток","г.Казань, Сибирский тракт ул., 34","09:31:04","00:56","2","2.403"
"5/19/2020","Tuesday","Мерчендайзер-10","3","Эдельвейс","г.Казань, Сахарова ул., 13 а","10:29:28","00:27","2","0.514"
"5/19/2020","Tuesday","Мерчендайзер-10","4","Пятёрочка","г.Казань, Ломжинская ул., 24Б","10:56:58","00:15","2","1.564"
"5/19/2020","Tuesday","Мерчендайзер-10","5","Бахетле","г.Казань, Фучика ул., 96","11:13:31","00:45","2","1.723"
"5/19/2020","Tuesday","Мерчендайзер-10","6","Детский мир","г.Казань, Победы пр-кт, 91","12:00:14","05:22","2","0.0"
"5/19/2020","Tuesday","Мерчендайзер-11","1","Эдельвейс","г.Казань, Патриса Лумумбы ул., 28","09:00","00:48","1","2.219"
"5/19/2020","Tuesday","Мерчендайзер-11","2","Эдельвейс","г.Казань, Авангардная ул., 171 б","09:50:13","01:00","2","0.849"
"5/19/2020","Tuesday","Мерчендайзер-11","3","Пятёрочка","г.Казань, Вишневского ул., 49","10:51:03","01:08","3","1.133"
"5/19/2020","Tuesday","Мерчендайзер-11","4","Пятёрочка","г.Казань, Мира ул., 7","12:00:10","00:33","2","0.185"
"5/19/2020","Tuesday","Мерчендайзер-11","5","Бахетле","г.Казань, Павлюхина ул., 57","12:33:21","01:10","4","2.154"
"5/19/2020","Tuesday","Мерчендайзер-11","6","Пятёрочка","г.Казань, Лушникова ул., 2","13:45:30","01:12","2","0.922"
"5/19/2020","Tuesday","Мерчендайзер-11","7","Пятёрочка","г.Казань, Мира ул., 33","14:58:25","00:14","2","0.0"
"5/19/2020","Tuesday","Мерчендайзер-11","8","Пятёрочка","г.Казань, Профессора Камая ул., 8А","15:12:25","00:40","2","0.0"
"5/19/2020","Tuesday","Мерчендайзер-11","9","Эдельвейс","г.Казань, Зорге ул., 48","15:52:25","00:44","2","1.956"
"5/19/2020","Tuesday","Мерчендайзер-11","10","Эдельвейс","г.Казань, Универсиады пр-кт, 16","16:38:22","00:55","2","1.579"
"5/19/2020","Tuesday","Мерчендайзер-11","11","Пятёрочка","г.Казань, Универсиады пр-кт, 12","17:34:56","00:39","2","0.0"
"5/19/2020","Tuesday","Мерчендайзер-12","1","Эдельвейс","г.Казань, Адоратского ул., 12","09:00","01:50","3","0.462"
"5/19/2020","Tuesday","Мерчендайзер-12","2","Магнит","г.Казань, Маршала Чуйкова ул., 3","10:50:27","00:39","2","0.316"
"5/19/2020","Tuesday","Мерчендайзер-12","3","Пятёрочка","г.Казань, Даурская ул., 37","11:29:45","00:54","2","0.036"
"5/19/2020","Tuesday","Мерчендайзер-12","4","Эдельвейс","г.Казань, Адоратского ул., 33а","12:23:47","01:43","4","1.87"
"5/19/2020","Tuesday","Мерчендайзер-12","5","Эдельвейс","г.Казань, Голубятникова ул., 21а","14:08:39","01:12","2","0.681"
"5/19/2020","Tuesday","Мерчендайзер-12","6","Магнит","г.Казань, Гаврилова ул., 30","15:21:19","00:34","1","1.902"
"5/19/2020","Tuesday","Мерчендайзер-12","7","Магнит","г.Казань, Авангардная ул., 58","15:57:13","00:44","1","1.497"
"5/19/2020","Tuesday","Мерчендайзер-12","8","Эдельвейс","г.Казань, Гаврилова ул., 30","16:42:42","01:04","2","1.173"
"5/19/2020","Tuesday","Мерчендайзер-12","9","Пятёрочка","г.Казань, Ямашева ул., 82","17:47:52","00:41","2","0.0"
"5/19/2020","Tuesday","Мерчендайзер-13","1","Пятёрочка","г.Казань, Восстания ул., 86","09:00","01:18","1","3.152"
"5/19/2020","Tuesday","Мерчендайзер-13","2","Пятёрочка","г.Казань, Батыршина ул., 20а","10:21:09","01:38","2","5.348"
"5/19/2020","Tuesday","Мерчендайзер-13","3","Магнит","г.Казань, Маршала Чуйкова ул., 40","12:04:29","00:22","2","1.033"
"5/19/2020","Tuesday","Мерчендайзер-13","4","Перекресток","г.Казань, Победы пр-кт, 50б","12:27:30","00:52","3","1.22"
"5/19/2020","Tuesday","Мерчендайзер-13","5","Пятёрочка","г.Казань, Хусаина Ямашева пр-кт, 51 Б","13:20:43","00:52","2","2.735"
"5/19/2020","Tuesday","Мерчендайзер-13","6","Перекресток","г.Казань, Краснококшайская ул., 150/2","14:15:27","02:14","2","0.924"
"5/19/2020","Tuesday","Мерчендайзер-13","7","Пятёрочка","г.Казань, Фрунзе ул., 17","16:30:22","01:28","2","0.0"
"5/19/2020","Tuesday","ВАКАНСИЯ (1)","1","Перекресток","г.Казань, Спартаковская ул., 6","09:00","01:02","2","0.588"
"5/19/2020","Tuesday","ВАКАНСИЯ (1)","2","Эдельвейс","г.Казань, Мира ул., 37","10:02:35","00:46","2","0.635"
"5/19/2020","Tuesday","ВАКАНСИЯ (1)","3","Лента","г.Казань, Рихарда Зорге ул., 11б","10:49:13","04:19","4","0.379"
"5/19/2020","Tuesday","ВАКАНСИЯ (1)","4","Магнит","г.Казань, Татарстан ул., 7","15:08:35","00:43","2","1.05"
"5/19/2020","Tuesday","ВАКАНСИЯ (1)","5","Эдельвейс","г.Казань, Кул Гали ул., 32","15:52:38","01:50","2","0.0"
"5/21/2020","Thursday","Мерчендайзер-1","1","Пятёрочка","г.Казань, Черноморская ул., 3","09:00","00:32","1","0.139"
"5/21/2020","Thursday","Мерчендайзер-1","2","Детский мир","г.Казань, Ибрагимова пр-кт, 56","09:32:08","02:50","5","1.134"
"5/21/2020","Thursday","Мерчендайзер-1","3","Дочки-сыночки","г.Казань, Ибрагимова ул., 56","12:23:16","01:07","3","9.53"
"5/21/2020","Thursday","Мерчендайзер-1","4","Эдельвейс","г.Казань, Мавлютова ул, 17","13:39:47","01:18","3","4.206"
"5/21/2020","Thursday","Мерчендайзер-1","5","Карусель","г.Казань, Ибрагимова пр-кт, 56","15:01:59","03:25","3","0.0"
"5/21/2020","Thursday","Мерчендайзер-2","1","Эдельвейс","г.Казань, Максимова ул., 4а","09:00","01:12","2","0.581"
"5/21/2020","Thursday","Мерчендайзер-2","2","Эдельвейс","г.Казань, Гареева ул., 108","10:12:34","01:25","3","0.822"
"5/21/2020","Thursday","Мерчендайзер-2","3","Бахетле","г.Казань, Мавлютова ул., 45","11:38:23","00:55","3","1.849"
"5/21/2020","Thursday","Мерчендайзер-2","4","Эдельвейс","г.Казань, Оренбургский тракт, 138","12:35:13","00:35","3","0.71"
"5/21/2020","Thursday","Мерчендайзер-2","5","Metro C&C","г.Казань, Тихорецкая ул., 4","13:10:55","02:55","3","0.278"
"5/21/2020","Thursday","Мерчендайзер-2","6","Пятёрочка","г.Казань, Баки Урманче ул., 8","16:06:11","00:59","2","2.736"
"5/21/2020","Thursday","Мерчендайзер-2","7","Магнит","г.Казань, Фрунзе ул., 11","17:07:55","00:34","2","0.0"
"5/21/2020","Thursday","Мерчендайзер-3","1","Эдельвейс","г.Казань, Павлюхина ул., 101","09:00","01:02","1","0.064"
"5/21/2020","Thursday","Мерчендайзер-3","2","Эдельвейс","г.Казань, Фучика ул., 30","10:02:03","01:20","3","5.229"
"5/21/2020","Thursday","Мерчендайзер-3","3","Пятёрочка","г.Казань, Фучика ул., 14в","11:27:16","00:35","1","3.026"
"5/21/2020","Thursday","Мерчендайзер-3","4","Эдельвейс","г.Казань, Фучика ул., 72","12:05:17","01:59","3","3.64"
"5/21/2020","Thursday","Мерчендайзер-3","5","Магнит","г.Казань, Фучика ул., 87","14:07:55","00:26","2","4.431"
"5/21/2020","Thursday","Мерчендайзер-3","6","Эссен","г.Казань, Кул-Гали ул., 9А","14:38:20","00:35","4","0.0"
"5/21/2020","Thursday","Мерчендайзер-4","1","Эдельвейс","г.Казань, Фрунзе , 9","09:00","02:03","2","0.823"
"5/21/2020","Thursday","Мерчендайзер-4","2","Пятёрочка","г.Казань, Мавлютова ул., 29","11:03:49","00:33","3","0.777"
"5/21/2020","Thursday","Мерчендайзер-4","3","Эдельвейс","г.Казань, Победы пр-кт, 116","11:37:35","00:38","2","2.854"
"5/21/2020","Thursday","Мерчендайзер-4","4","Эдельвейс","г.Казань, Петербургская ул., 1","12:18:26","02:27","3","6.173"
"5/21/2020","Thursday","Мерчендайзер-4","5","Магнит","г.Казань, Фатыха Амирхана пр-т, 2","14:51:36","01:26","2","2.202"
"5/21/2020","Thursday","Мерчендайзер-4","6","Магнит","г.Казань, Амирхана ул., 71","16:19:48","01:16","2","0.0"
"5/21/2020","Thursday","Мерчендайзер-5","1","Магнит","г.Казань, Ямашева пр-кт, 23","09:00","01:26","2","0.957"
"5/21/2020","Thursday","Мерчендайзер-5","2","Эдельвейс","г.Казань, Черноморская ул., 11","10:26:57","00:41","1","1.047"
"5/21/2020","Thursday","Мерчендайзер-5","3","Эдельвейс","г.Казань, Парина ул., 16","11:08:59","00:46","3","0.888"
"5/21/2020","Thursday","Мерчендайзер-5","4","Пятёрочка","г.Казань, Ямашева пр-кт, 92а","11:55:52","00:43","2","2.241"
"5/21/2020","Thursday","Мерчендайзер-5","5","Магнит","г.Казань, Петербургская ул., 1","12:41:06","01:12","2","1.691"
"5/21/2020","Thursday","Мерчендайзер-5","6","Эдельвейс","г.Казань, Ломжинская ул, 2 а","13:54:47","00:54","4","0.0"
"5/21/2020","Thursday","Мерчендайзер-6","1","Пятёрочка","г.Казань, Татарстана ул., 47а","09:00","01:30","1","2.269"
"5/21/2020","Thursday","Мерчендайзер-6","2","Эдельвейс","г.Казань, Восстания ул., 56","10:32:16","01:05","3","1.571"
"5/21/2020","Thursday","Мерчендайзер-6","3","Эдельвейс","г.Казань, Павлова ул., 23","11:38:50","01:14","2","3.159"
"5/21/2020","Thursday","Мерчендайзер-6","4","Бахетле","г.Казань, Ямашева пр-кт, 71а","12:55:59","01:03","3","1.322"
"5/21/2020","Thursday","Мерчендайзер-6","5","Бахетле","г.Казань, Декабристов ул., 178А","14:00:18","01:20","3","0.458"
"5/21/2020","Thursday","Мерчендайзер-6","6","Магнит","г.Казань, Баки Урманче ул., 8","15:20:45","01:26","2","1.3"
"5/21/2020","Thursday","Мерчендайзер-6","7","Бахетле","г.Казань, Проспект Победы , 141","16:48:03","01:09","3","0.0"
"5/21/2020","Thursday","Мерчендайзер-7","1","Магнит","г.Казань, Авангардная ул., 90 корп.48","09:00","00:37","2","2.628"
"5/21/2020","Thursday","Мерчендайзер-7","2","Детский мир","г.Казань, Петербургская ул., 9","09:39:37","03:05","5","0.516"
"5/21/2020","Thursday","Мерчендайзер-7","3","Пятёрочка","г.Казань, Сафиуллина ул., 5","12:45:07","00:59","1","3.181"
"5/21/2020","Thursday","Мерчендайзер-7","4","Пятёрочка","г.Казань, Мусина ул., 29б","13:47:17","00:45","2","0.812"
"5/21/2020","Thursday","Мерчендайзер-7","5","Пятёрочка","г.Казань, Ямашева пр-кт, 54 корп. 2","14:33:05","00:45","2","0.0"
"5/21/2020","Thursday","Мерчендайзер-8","1","Эдельвейс","г.Казань, Кошевого ул., 6","09:00","01:06","2","1.241"
"5/21/2020","Thursday","Мерчендайзер-8","2","Пятёрочка","г.Казань, Мамадышский тракт ул., 48","10:07:14","01:47","2","1.34"
"5/21/2020","Thursday","Мерчендайзер-8","3","Бахетле","г.Казань, Ленинградская ул., 27","11:55:34","01:36","2","3.893"
"5/21/2020","Thursday","Мерчендайзер-8","4","Бахетле","г.Казань, Сибирский тракт, 4","13:35:27","01:10","3","5.122"
"5/21/2020","Thursday","Мерчендайзер-8","5","Пятёрочка","г.Казань, Павлюхина ул., 110в","14:50:34","01:33","2","0.0"
"5/21/2020","Thursday","Мерчендайзер-9","1","Эдельвейс","г.Казань, Ямашева пр-кт, 54","09:00","00:52","3","0.0"
"5/21/2020","Thursday","Мерчендайзер-9","2","Дочки-сыночки","г.Казань, Чуйкова ул., 28","09:52","03:35","3","1.146"
"5/21/2020","Thursday","Мерчендайзер-9","3","Бахетле","г.Казань, Чистопольская ул., 14","13:28:08","01:02","2","0.476"
"5/21/2020","Thursday","Мерчендайзер-9","4","Эдельвейс","г.Казань, Короленко ул., 73","14:30:36","00:52","2","0.993"
"5/21/2020","Thursday","Мерчендайзер-9","5","Пятёрочка","г.Казань, Восстания ул., 83а","15:23:35","01:05","1","5.996"
"5/21/2020","Thursday","Мерчендайзер-9","6","Эдельвейс","г.Казань, Мамадышский тракт, 36а","16:34:34","01:55","2","0.0"
"5/21/2020","Thursday","Мерчендайзер-10","1","Эдельвейс","г.Казань, Карбышева ул., 35","09:00","00:31","2","0.951"
"5/21/2020","Thursday","Мерчендайзер-10","2","Кроха","г.Казань, Сибирский тракт, 13","09:31:57","01:14","2","1.137"
"5/21/2020","Thursday","Мерчендайзер-10","3","Магнит","г.Казань, Академика Парина ул., 22","10:47:05","01:02","2","1.7"
"5/21/2020","Thursday","Мерчендайзер-10","4","Магнит","г.Казань, Ломжинская ул., 4а","11:50:47","00:34","2","0.334"
"5/21/2020","Thursday","Мерчендайзер-10","5","Эдельвейс","г.Казань, Эсперанто ул., 9/2","12:25:07","00:23","2","0.51"
"5/21/2020","Thursday","Мерчендайзер-10","6","Эдельвейс","г.Казань, Эсперанто ул., 54","12:48:37","01:13","2","1.159"
"5/21/2020","Thursday","Мерчендайзер-10","7","Магнит","г.Казань, Юлиуса Фучика ул., 49","14:02:46","00:43","2","0.897"
"5/21/2020","Thursday","Мерчендайзер-10","8","Детский мир","г.Казань, Победы пр-кт, 141","14:46:39","02:24","3","0.0"
"5/21/2020","Thursday","Мерчендайзер-11","1","Эдельвейс","г.Казань, Авангардная ул., 171 б","09:00","01:00","2","1.969"
"5/21/2020","Thursday","Мерчендайзер-11","2","Бахетле","г.Казань, Павлюхина ул., 57","10:01:58","01:10","4","2.164"
"5/21/2020","Thursday","Мерчендайзер-11","3","Бахетле","г.Казань, Мамадышский тракт, 46","11:14:07","01:05","2","0.538"
"5/21/2020","Thursday","Мерчендайзер-11","4","Эдельвейс","г.Казань, Зорге ул., 48","12:19:39","00:44","2","0.056"
"5/21/2020","Thursday","Мерчендайзер-11","5","Пятёрочка","г.Казань, Профессора Камая ул., 1","13:03:42","01:06","2","0.0"
"5/21/2020","Thursday","Мерчендайзер-11","6","Эдельвейс","г.Казань, Сибирский тракт ул., 44","14:09:42","00:35","2","0.0"
"5/21/2020","Thursday","Мерчендайзер-12","1","Пятёрочка","г.Казань, Ямашева ул., 82","09:00","00:41","2","3.104"
"5/21/2020","Thursday","Мерчендайзер-12","2","Пятёрочка","г.Казань, Лаврентьева ул., 11","09:44:06","01:10","1","0.318"
"5/21/2020","Thursday","Мерчендайзер-12","3","Пятёрочка","г.Казань, Адоратского ул., 29","10:54:25","00:59","2","1.099"
"5/21/2020","Thursday","Мерчендайзер-12","4","Эдельвейс","г.Казань, Адоратского ул., 12","11:54:30","01:50","3","1.065"
"5/21/2020","Thursday","Мерчендайзер-12","5","Эдельвейс","г.Казань, Зайцева ул., 10","13:45:33","00:32","1","1.015"
"5/21/2020","Thursday","Мерчендайзер-12","6","Пятёрочка","г.Казань, Адоратского ул., 32А","14:18:33","01:07","2","0.587"
"5/21/2020","Thursday","Мерчендайзер-12","7","Эдельвейс","г.Казань, Адоратского ул., 33а","15:26:08","01:43","4","0.0"
"5/21/2020","Thursday","Мерчендайзер-13","1","Пятёрочка","г.Казань, Восстания ул., 129","09:00","00:45","1","1.566"
"5/21/2020","Thursday","Мерчендайзер-13","2","Перекресток","г.Казань, Победы пр-кт, 50б","09:46:33","00:52","3","0.6"
"5/21/2020","Thursday","Мерчендайзер-13","3","Магнит","г.Казань, Короленко ул., 41","10:39:09","00:23","2","0.619"
"5/21/2020","Thursday","Мерчендайзер-13","4","Пятёрочка","г.Казань, Хусаина Ямашева пр-кт, 51 Б","11:02:46","00:52","2","1.15"
"5/21/2020","Thursday","Мерчендайзер-13","5","Пятёрочка","г.Казань, Кулахметова ул., 20а","11:55:55","01:27","2","2.802"
"5/21/2020","Thursday","Мерчендайзер-13","6","Пятёрочка","г.Казань, Фрунзе ул., 5","13:25:43","02:07","1","0.0"
"5/22/2020","Friday","Мерчендайзер-1","1","Карусель","г.Казань, Ямашева пр-кт, 93","09:00","03:57","2","1.268"
"5/22/2020","Friday","Мерчендайзер-1","2","Детский мир","г.Казань, Ибрагимова пр-кт, 56","12:58:16","02:50","5","0.629"
"5/22/2020","Friday","Мерчендайзер-1","3","Магнит","г.Казань, Ибрагимова пр-кт, 83а","15:48:53","00:24","2","0.084"
"5/22/2020","Friday","Мерчендайзер-1","4","Эдельвейс","г.Казань, Лат.Стрелков ул., 10","16:12:58","00:52","2","0.0"
"5/22/2020","Friday","Мерчендайзер-2","1","Эдельвейс","г.Казань, Бутырский пер., 142/1","09:00","00:59","1","0.948"
"5/22/2020","Friday","Мерчендайзер-2","2","Дочки-сыночки","г.Казань, Фучика ул., 90","09:59:56","02:31","2","0.641"
"5/22/2020","Friday","Мерчендайзер-2","3","Пятёрочка","г.Казань, Хусаина Ямашева пр-кт, 92 А","12:31:34","00:15","2","0.668"
"5/22/2020","Friday","Мерчендайзер-2","4","Карусель","г.Казань, Фучика ул., 90","12:47:14","01:35","2","0.529"
"5/22/2020","Friday","Мерчендайзер-2","5","Эдельвейс","г.Казань, Нижняя ул., 8","14:22:45","01:03","2","1.881"
"5/22/2020","Friday","Мерчендайзер-2","6","Магнит","г.Казань, Родины  ул., 1","15:27:37","01:24","2","0.433"
"5/22/2020","Friday","Мерчендайзер-2","7","Бахетле","г.Казань, Оренбургский Тракт ул., 22а","16:52:02","00:51","2","0.0"
"5/22/2020","Friday","Мерчендайзер-3","1","Эдельвейс","г.Казань, Зорге ул., 97","09:00","00:51","2","0.728"
"5/22/2020","Friday","Мерчендайзер-3","2","Пятёрочка","г.Казань, Юлиуса Фучика ул., 105А","09:51:43","01:09","2","0.29"
"5/22/2020","Friday","Мерчендайзер-3","3","Эдельвейс","г.Казань, Фучика ул., 105 а","11:01","02:04","2","7.168"
"5/22/2020","Friday","Мерчендайзер-3","4","Магнит","г.Казань, Зорге ул., 66","13:12:10","00:35","2","1.068"
"5/22/2020","Friday","Мерчендайзер-3","5","Эдельвейс","г.Казань, Сафиуллина ул., 40","13:48:14","01:42","2","1.676"
"5/22/2020","Friday","Мерчендайзер-3","6","Бахетле","г.Казань, Залесная ул., 66","15:31:54","01:39","2","1.617"
"5/22/2020","Friday","Мерчендайзер-3","7","Магнит","г.Казань, Восстания ул., 36","17:12:31","00:38","1","0.0"
"5/22/2020","Friday","Мерчендайзер-4","1","Эдельвейс","г.Казань, 40 лет Октября ул., 4","09:00","01:03","2","1.988"
"5/22/2020","Friday","Мерчендайзер-4","2","Перекресток","г.Казань, Чистопольская ул., 69","10:04:59","00:59","2","2.035"
"5/22/2020","Friday","Мерчендайзер-4","3","Магнит","г.Казань, Чуйкова ул., 31","11:06:01","01:26","2","1.18"
"5/22/2020","Friday","Мерчендайзер-4","4","Пятёрочка","г.Казань, Чуйкова ул., 17","12:33:11","00:45","2","0.278"
"5/22/2020","Friday","Мерчендайзер-4","5","Магнит","г.Казань, Чуйкова ул., 23","13:18:27","01:26","2","0.0"
"5/22/2020","Friday","Мерчендайзер-5","1","Пятёрочка","г.Казань, Рихарда Зорге ул., 47","09:00","01:28","2","1.572"
"5/22/2020","Friday","Мерчендайзер-5","2","Эдельвейс","г.Казань, Амирхана ул., 97","10:29:34","01:33","2","2.381"
"5/22/2020","Friday","Мерчендайзер-5","3","Эдельвейс","г.Казань, Ибрагимова пр-кт, 59","12:04:56","01:03","2","1.476"
"5/22/2020","Friday","Мерчендайзер-5","4","Бахетле","г.Казань, Зорге ул., 77","13:09:24","01:40","2","0.0"
"5/22/2020","Friday","Мерчендайзер-6","1","Бахетле","г.Казань, Ершова ул., 8","09:00","01:39","3","1.265"
"5/22/2020","Friday","Мерчендайзер-6","2","Пятёрочка","г.Казань, Ибрагимова пр-кт, 45","10:40:15","01:13","2","2.353"
"5/22/2020","Friday","Мерчендайзер-6","3","Пятёрочка","г.Казань, Маршала Чуйкова ул., 25","11:55:36","00:25","2","4.884"
"5/22/2020","Friday","Мерчендайзер-6","4","Пятёрочка","г.Казань, Гагарина ул., 22","12:25:29","01:44","1","0.509"
"5/22/2020","Friday","Мерчендайзер-6","5","Магнит","г.Казань, Ибрагимова пр-кт, 61","14:09:59","01:35","1","1.801"
"5/22/2020","Friday","Мерчендайзер-6","6","Магнит","г.Казань, Декабристов ул., 112","15:46:47","00:50","1","0.702"
"5/22/2020","Friday","Мерчендайзер-6","7","Пятёрочка","г.Казань, Ибрагимова пр-кт, 32 А","16:37:29","00:54","2","0.0"
"5/22/2020","Friday","Мерчендайзер-7","1","Эдельвейс","г.Казань, Карбышева ул., 15","09:00","00:41","2","0.0"
"5/22/2020","Friday","Мерчендайзер-7","2","Детский мир","г.Казань, Рихарда Зорге ул., 11б","09:41","02:18","3","0.586"
"5/22/2020","Friday","Мерчендайзер-7","3","Пятёрочка","г.Казань, Карбышева ул., 15","11:59:35","01:20","2","0.847"
"5/22/2020","Friday","Мерчендайзер-7","4","Магнит","г.Казань, Карбышева ул., 40","13:20:25","01:19","1","0.587"
"5/22/2020","Friday","Мерчендайзер-7","5","Магнит","г.Казань, Нурсултана Назарбаева ул., 66","14:40","00:30","2","0.323"
"5/22/2020","Friday","Мерчендайзер-7","6","Детский мир","г.Казань, Петербургская ул., 9","15:10:19","03:05","5","0.0"
"5/22/2020","Friday","Мерчендайзер-8","1","Пятёрочка","г.Казань, Победы пр-кт, 43","09:00","00:53","1","1.129"
"5/22/2020","Friday","Мерчендайзер-8","2","Пятёрочка","г.Казань, Даурская ул., 38","09:54:07","00:59","2","0.178"
"5/22/2020","Friday","Мерчендайзер-8","3","Эдельвейс","г.Казань, Главная ул., 69","10:53:17","03:15","2","1.011"
"5/22/2020","Friday","Мерчендайзер-8","4","Бахетле","г.Казань, Мира ул., 29а","14:09:17","02:03","2","0.0"
"5/22/2020","Friday","Мерчендайзер-9","1","Верный","г.Казань, Бондаренко ул., 26","09:00","00:20","2","0.547"
"5/22/2020","Friday","Мерчендайзер-9","2","Магнит","г.Казань, Чистопольская ул., 11","09:20:32","01:15","2","0.408"
"5/22/2020","Friday","Мерчендайзер-9","3","Магнит","г.Казань, Чуйкова ул., 25","10:35:56","01:26","2","2.442"
"5/22/2020","Friday","Мерчендайзер-9","4","Эдельвейс","г.Казань, Адоратского ул., 11 а","12:04:22","02:03","2","0.0"
"5/22/2020","Friday","Мерчендайзер-10","1","Детский мир","г.Казань, Победы пр-кт, 91","09:00","05:22","2","0.684"
"5/22/2020","Friday","Мерчендайзер-10","2","Перекресток","г.Казань, Минская ул., 9","14:22:41","00:46","1","1.361"
"5/22/2020","Friday","Мерчендайзер-10","3","Бахетле","г.Казань, Фучика ул., 96","15:10:02","00:45","2","0.779"
"5/22/2020","Friday","Мерчендайзер-10","4","Пятёрочка","г.Казань, Победы пр-кт, 33","15:55:48","00:31","2","0.853"
"5/22/2020","Friday","Мерчендайзер-10","5","Пятёрочка","г.Казань, Ломжинская ул., 24Б","16:27:39","00:15","2","0.514"
"5/22/2020","Friday","Мерчендайзер-10","6","Эдельвейс","г.Казань, Сахарова ул., 13 а","16:43:09","00:27","2","1.797"
"5/22/2020","Friday","Мерчендайзер-10","7","Магнит","г.Казань, Победы пр-кт, 43","17:11:56","00:27","1","1.806"
"5/22/2020","Friday","Мерчендайзер-10","8","Эдельвейс","г.Казань, Победы пр-кт, 220В","17:40:44","00:48","2","0.0"
"5/22/2020","Friday","Мерчендайзер-11","1","Магнит","г.Казань, Достоевского ул., 53","09:00","00:24","2","1.786"
"5/22/2020","Friday","Мерчендайзер-11","2","Пятёрочка","г.Казань, Вишневского ул., 49","09:25:47","01:08","3","1.133"
"5/22/2020","Friday","Мерчендайзер-11","3","Пятёрочка","г.Казань, Мира ул., 7","10:34:54","00:33","2","2.053"
"5/22/2020","Friday","Мерчендайзер-11","4","Эдельвейс","г.Казань, Ибрагимова ул., 41","11:09:57","00:29","2","0.488"
"5/22/2020","Friday","Мерчендайзер-11","5","Пятёрочка","г.Казань, Мира ул., 33","11:39:26","00:14","2","1.956"
"5/22/2020","Friday","Мерчендайзер-11","6","Эдельвейс","г.Казань, Универсиады пр-кт, 16","11:55:23","00:55","2","1.579"
"5/22/2020","Friday","Мерчендайзер-11","7","Пятёрочка","г.Казань, Универсиады пр-кт, 12","12:51:57","00:39","2","3.035"
"5/22/2020","Friday","Мерчендайзер-11","8","Пятёрочка","г.Казань, Вишневского ул., 10","13:33:59","00:59","2","0.0"
"5/22/2020","Friday","Мерчендайзер-12","1","Эдельвейс","г.Казань, Амирхана ул., 41","09:00","01:11","2","0.834"
"5/22/2020","Friday","Мерчендайзер-12","2","Эдельвейс","г.Казань, Голубятникова ул., 21а","10:11:50","01:12","2","1.381"
"5/22/2020","Friday","Мерчендайзер-12","3","Пятёрочка","г.Казань, Амирхана ул., 36","11:25:12","00:30","2","0.897"
"5/22/2020","Friday","Мерчендайзер-12","4","Магнит","г.Казань, Маршала Чуйкова ул., 3","11:56:05","00:39","2","0.131"
"5/22/2020","Friday","Мерчендайзер-12","5","Пятёрочка","г.Казань, Амирхана ул., 30","12:35:12","00:35","2","1.182"
"5/22/2020","Friday","Мерчендайзер-12","6","Магнит","г.Казань, Горьковское ш., 6","13:11:22","01:32","2","0.917"
"5/22/2020","Friday","Мерчендайзер-12","7","Магнит","г.Казань, Фатыха Амирхана пр-кт, 97а","14:44:17","00:37","2","0.0"
"5/22/2020","Friday","Мерчендайзер-12","8","Пятёрочка","г.Казань, Амирхана пр-кт, 85 А","15:21:17","00:41","2","0.0"
"5/22/2020","Friday","Мерчендайзер-13","1","Пятёрочка","г.Казань, Саид-Галеева ул., 6","09:00","01:26","2","2.228"
"5/22/2020","Friday","Мерчендайзер-13","2","Магнит","г.Казань, Гагарина ул., 24","10:28:13","00:51","1","1.647"
"5/22/2020","Friday","Мерчендайзер-13","3","Бахетле","г.Казань, Московская ул., 2","11:20:51","01:31","2","1.61"
"5/22/2020","Friday","Мерчендайзер-13","4","Пятёрочка","г.Казань, Залесная ул., 5","12:53:27","00:52","2","0.0"
"5/22/2020","Friday","Мерчендайзер-13","5","Пятёрочка","г.Казань, Горьковское ш., 4","13:45:27","01:33","2","0.0"
"5/22/2020","Friday","ВАКАНСИЯ (1)","1","Перекресток","г.Казань, Спартаковская ул., 6","09:00","01:02","2","0.588"
"5/22/2020","Friday","ВАКАНСИЯ (1)","2","Эдельвейс","г.Казань, Мира ул., 37","10:02:35","00:46","2","0.635"
"5/22/2020","Friday","ВАКАНСИЯ (1)","3","Лента","г.Казань, Рихарда Зорге ул., 11б","10:49:13","04:19","4","1.392"
"5/22/2020","Friday","ВАКАНСИЯ (1)","4","Эдельвейс","г.Казань, Кул Гали ул., 32","15:09:36","01:50","2","0.0"
"5/23/2020","Saturday","Мерчендайзер-1","1","Детский мир","г.Казань, Ибрагимова пр-кт, 56","09:00","02:50","5","1.134"
"5/23/2020","Saturday","Мерчендайзер-1","2","Дочки-сыночки","г.Казань, Ибрагимова ул., 56","11:51:08","01:07","3","9.53"
"5/23/2020","Saturday","Мерчендайзер-1","3","Эдельвейс","г.Казань, Мавлютова ул, 17","13:07:39","01:18","3","4.206"
"5/23/2020","Saturday","Мерчендайзер-1","4","Карусель","г.Казань, Ибрагимова пр-кт, 56","14:29:51","03:25","3","0.0"
"5/23/2020","Saturday","Мерчендайзер-2","1","Эдельвейс","г.Казань, Гареева ул., 108","09:00","01:25","3","0.822"
"5/23/2020","Saturday","Мерчендайзер-2","2","Бахетле","г.Казань, Мавлютова ул., 45","10:25:49","00:55","3","0.298"
"5/23/2020","Saturday","Мерчендайзер-2","3","Магнит","г.Казань, Краснококшайская ул., 164","11:21:06","00:42","2","2.004"
"5/23/2020","Saturday","Мерчендайзер-2","4","Эдельвейс","г.Казань, Оренбургский тракт, 138","12:05:06","00:35","3","0.71"
"5/23/2020","Saturday","Мерчендайзер-2","5","Metro C&C","г.Казань, Тихорецкая ул., 4","12:40:48","02:55","3","3.233"
"5/23/2020","Saturday","Мерчендайзер-2","6","Магнит","г.Казань, Галимжана Баруди ул., 8","15:39:01","00:49","2","0.0"
"5/23/2020","Saturday","Мерчендайзер-3","1","Пятёрочка","г.Казань, Фучика ул., 53а","09:00","00:52","1","0.594"
"5/23/2020","Saturday","Мерчендайзер-3","2","Эссен","г.Казань, Кул-Гали ул., 9А","09:52:35","00:35","4","7.032"
"5/23/2020","Saturday","Мерчендайзер-3","3","Магнит","г.Казань, Юлиуса Фучика ул., 88","10:34:36","00:10","2","4.798"
"5/23/2020","Saturday","Мерчендайзер-3","4","Пятёрочка","г.Казань, Рихарда Зорге ул., 67","10:49:23","00:57","1","4.589"
"5/23/2020","Saturday","Мерчендайзер-3","5","Эдельвейс","г.Казань, Фучика ул., 72","11:50:58","01:59","3","5.621"
"5/23/2020","Saturday","Мерчендайзер-3","6","Эдельвейс","г.Казань, Фучика ул., 30","13:55:35","01:20","3","0.0"
"5/23/2020","Saturday","Мерчендайзер-4","1","Пятёрочка","г.Казань, Мавлютова ул., 29","09:00","00:33","3","2.366"
"5/23/2020","Saturday","Мерчендайзер-4","2","Эдельвейс","г.Казань, Петербургская ул., 1","09:35:21","02:27","3","6.173"
"5/23/2020","Saturday","Мерчендайзер-4","3","Магнит","г.Казань, Фатыха Амирхана пр-т, 2","12:08:31","01:26","2","3.264"
"5/23/2020","Saturday","Мерчендайзер-4","4","Верный","г.Казань, Ямашева пр-кт, 33б","13:37:46","00:45","2","0.889"
"5/23/2020","Saturday","Мерчендайзер-4","5","Магнит","г.Казань, Амирхана ул., 71","14:23:39","01:16","2","1.017"
"5/23/2020","Saturday","Мерчендайзер-4","6","Магнит","г.Казань, Ямашева пр-кт, 39","15:40:40","02:35","2","0.0"
"5/23/2020","Saturday","Мерчендайзер-5","1","Эдельвейс","г.Казань, Ломжинская ул, 2 а","09:00","00:54","4","0.839"
"5/23/2020","Saturday","Мерчендайзер-5","2","Пятёрочка","г.Казань, Победы пр-кт, 19","09:54:50","02:44","2","0.562"
"5/23/2020","Saturday","Мерчендайзер-5","3","Магнит","г.Казань, Петербургская ул., 1","12:39:23","01:12","2","1.007"
"5/23/2020","Saturday","Мерчендайзер-5","4","Магнит","г.Казань, Татарстан ул., 18","13:52:23","00:49","2","2.175"
"5/23/2020","Saturday","Мерчендайзер-5","5","Эдельвейс","г.Казань, Парина ул., 16","14:43:33","00:46","3","1.106"
"5/23/2020","Saturday","Мерчендайзер-5","6","Эдельвейс","г.Казань, Мусина ул., 61б","15:30:39","00:26","2","1.942"
"5/23/2020","Saturday","Мерчендайзер-5","7","Перекресток","г.Казань, Декабристов ул., 79","15:58:35","00:40","2","0.0"
"5/23/2020","Saturday","Мерчендайзер-6","1","Бахетле","г.Казань, Ямашева пр-кт, 71а","09:00","01:03","3","1.322"
"5/23/2020","Saturday","Мерчендайзер-6","2","Бахетле","г.Казань, Декабристов ул., 178А","10:04:19","01:20","3","1.676"
"5/23/2020","Saturday","Мерчендайзер-6","3","Бахетле","г.Казань, Проспект Победы , 141","11:25:59","01:09","3","3.914"
"5/23/2020","Saturday","Мерчендайзер-6","4","Эдельвейс","г.Казань, Восстания ул., 56","12:38:53","01:05","3","0.717"
"5/23/2020","Saturday","Мерчендайзер-6","5","Эдельвейс","г.Казань, Лушникова ул., 2","13:44:36","01:07","2","0.0"
"5/23/2020","Saturday","Мерчендайзер-7","1","Детский мир","г.Казань, Петербургская ул., 9","09:00","03:05","5","1.284"
"5/23/2020","Saturday","Мерчендайзер-7","2","Детский мир","г.Казань, Рихарда Зорге ул., 11б","12:06:17","02:18","3","0.0"
"5/23/2020","Saturday","Мерчендайзер-8","1","Пятёрочка","г.Казань, Сибирский тракт ул., 17","09:00","01:18","2","3.153"
"5/23/2020","Saturday","Мерчендайзер-8","2","Пятёрочка","г.Казань, Ибрагимова пр-кт, 1","10:21:09","00:59","2","1.877"
"5/23/2020","Saturday","Мерчендайзер-8","3","Бахетле","г.Казань, Сибирский тракт, 4","11:22:01","01:10","3","5.122"
"5/23/2020","Saturday","Мерчендайзер-8","4","Пятёрочка","г.Казань, Павлюхина ул., 110в","12:37:08","01:33","2","0.0"
"5/23/2020","Saturday","Мерчендайзер-9","1","Дочки-сыночки","г.Казань, Чуйкова ул., 28","09:00","03:35","3","0.0"
"5/23/2020","Saturday","Мерчендайзер-9","2","Эдельвейс","г.Казань, Ямашева пр-кт, 54","12:35","00:52","3","0.527"
"5/23/2020","Saturday","Мерчендайзер-9","3","Эдельвейс","г.Казань, Чуйкова ул., 38","13:27:31","00:58","2","0.0"
"5/23/2020","Saturday","Мерчендайзер-10","1","Перекресток","г.Казань, Сибирский тракт ул., 34","09:00","00:56","2","0.868"
"5/23/2020","Saturday","Мерчендайзер-10","2","Кроха","г.Казань, Сибирский тракт, 13","09:56:52","01:14","2","1.97"
"5/23/2020","Saturday","Мерчендайзер-10","3","Магнит","г.Казань, Фучика ул., 55б","11:12:50","00:37","1","0.611"
"5/23/2020","Saturday","Мерчендайзер-10","4","Магнит","г.Казань, Сахарова ул., 1а","11:50:26","00:19","1","1.958"
"5/23/2020","Saturday","Мерчендайзер-10","5","Детский мир","г.Казань, Победы пр-кт, 141","12:11:23","02:24","3","0.0"
"5/23/2020","Saturday","Мерчендайзер-11","1","Пятёрочка","г.Казань, Достоевского ул., 73","09:00","00:44","1","1.318"
"5/23/2020","Saturday","Мерчендайзер-11","2","Пятёрочка","г.Казань, Достоевского ул., 81","09:45:19","01:40","1","0.185"
"5/23/2020","Saturday","Мерчендайзер-11","3","Бахетле","г.Казань, Павлюхина ул., 57","11:25:30","01:10","4","2.154"
"5/23/2020","Saturday","Мерчендайзер-11","4","Пятёрочка","г.Казань, Лушникова ул., 2","12:37:39","01:12","2","0.922"
"5/23/2020","Saturday","Мерчендайзер-11","5","Пятёрочка","г.Казань, Академика Сахарова ул., 19а","13:50:34","01:08","1","0.0"
"5/23/2020","Saturday","Мерчендайзер-11","6","Пятёрочка","г.Казань, Профессора Камая ул., 8А","14:58:34","00:40","2","0.056"
"5/23/2020","Saturday","Мерчендайзер-11","7","Эдельвейс","г.Казань, Сибирский тракт ул., 44","15:38:37","00:35","2","0.0"
"5/23/2020","Saturday","Мерчендайзер-12","1","Эдельвейс","г.Казань, Гаврилова ул., 30","09:00","01:04","2","0.784"
"5/23/2020","Saturday","Мерчендайзер-12","2","Пятёрочка","г.Казань, Гаврилова ул., 30А","10:04:47","00:44","1","4.386"
"5/23/2020","Saturday","Мерчендайзер-12","3","Эдельвейс","г.Казань, Адоратского ул., 12","10:53:10","01:50","3","0.745"
"5/23/2020","Saturday","Мерчендайзер-12","4","Пятёрочка","г.Казань, Даурская ул., 37","12:43:54","00:54","2","0.036"
"5/23/2020","Saturday","Мерчендайзер-12","5","Эдельвейс","г.Казань, Адоратского ул., 33а","13:37:56","01:43","4","0.946"
"5/23/2020","Saturday","Мерчендайзер-12","6","Пятёрочка","г.Казань, Адоратского ул., 32А","15:21:52","01:07","2","0.0"
"5/23/2020","Saturday","Мерчендайзер-13","1","Эдельвейс","г.Казань, Ибрагимова пр-кт, 1","09:00","00:54","1","2.687"
"5/23/2020","Saturday","Мерчендайзер-13","2","Пятёрочка","г.Казань, Батыршина ул., 20а","09:56:41","01:38","2","5.348"
"5/23/2020","Saturday","Мерчендайзер-13","3","Магнит","г.Казань, Маршала Чуйкова ул., 40","11:40:01","00:22","2","0.848"
"5/23/2020","Saturday","Мерчендайзер-13","4","Пятёрочка","г.Казань, Кулахметова ул., 20а","12:02:51","01:27","2","2.453"
"5/23/2020","Saturday","Мерчендайзер-13","5","Перекресток","г.Казань, Краснококшайская ул., 150/2","13:32:18","02:14","2","0.587"
"5/23/2020","Saturday","Мерчендайзер-13","6","Магнит","г.Казань, Маршала Чуйкова ул., 58а","15:46:53","00:39","1","0.465"
"5/23/2020","Saturday","Мерчендайзер-13","7","Пятёрочка","г.Казань, Фрунзе ул., 17","16:26:20","01:28","2","0.0"
"5/23/2020","Saturday","ВАКАНСИЯ (1)","1","Лента","г.Казань, Рихарда Зорге ул., 11б","09:00","04:19","4","0.379"
"5/23/2020","Saturday","ВАКАНСИЯ (1)","2","Магнит","г.Казань, Татарстан ул., 7","13:19:22","00:43","2","1.696"
"5/23/2020","Saturday","ВАКАНСИЯ (1)","3","Магнит","г.Казань, Сахарова ул., 18","14:04:03","00:38","1","2.515"
"5/23/2020","Saturday","ВАКАНСИЯ (1)","4","Эдельвейс","г.Казань, Гвардейская ул., 40","14:44:33","00:34","2","0.164"
"5/23/2020","Saturday","ВАКАНСИЯ (1)","5","Магнит","г.Казань, Даурская ул., 21/9","15:18:42","00:56","1","0.0"
